{
  "dependencies_provided": [
    {
      "name": "entity",
      "type": "entity"
    },
    {
      "name": "world",
      "type": "world"
    },
    {
      "name": "x",
      "type": "number"
    },
    {
      "name": "y",
      "type": "number"
    },
    {
      "name": "z",
      "type": "number"
    },
    {
      "name": "itemstack",
      "type": "itemstack"
    },
    {
      "name": "hand",
      "type": "string"
    },
    {
      "name": "hasAmmo",
      "type": "boolean"
    }
  ],
  "cancelable": "true",
  "has_result": "true",
  "side": "server"
}

