{
  "dependencies_provided": [
    {
      "name": "entity",
      "type": "entity"
    },
    {
      "name": "sourceentity",
      "type": "entity"
    },
    {
      "name": "immediatesourceentity",
      "type": "entity"
    },
    {
      "name": "world",
      "type": "world"
    },
    {
      "name": "x",
      "type": "number"
    },
    {
      "name": "y",
      "type": "number"
    },
    {
      "name": "z",
      "type": "number"
    },
    {
      "name": "damagesource",
      "type": "damagesource"
    },
    {
      "name": "drops",
      "type": "string"
    },
    {
      "name": "lootingLevel",
      "type": "number"
    },
    {
      "name": "recentlyHit",
      "type": "logic"
    }
  ],
  "cancelable": "true"
}
