{
  "dependencies_provided": [
    {
      "name": "entity",
      "type": "entity"
    },
    {
      "name": "world",
      "type": "world"
    },
    {
      "name": "x",
      "type": "number"
    },
    {
      "name": "y",
      "type": "number"
    },
    {
      "name": "z",
      "type": "number"
    },
    {
      "name": "effect",
      "type": "string"
    },
    {
      "name": "duration",
      "type": "number"
    },
    {
      "name": "level",
      "type": "number"
    }
  ],
  "cancelable": "true"
}
