{
  "dependencies_provided": [
    {
      "name": "entity",
      "type": "entity"
    },
    {
      "name": "sourceentity",
      "type": "entity"
    },
    {
      "name": "world",
      "type": "world"
    },
    {
      "name": "x",
      "type": "number"
    },
    {
      "name": "y",
      "type": "number"
    },
    {
      "name": "z",
      "type": "number"
    },
    {
      "name": "hx",
      "type": "number"
    },
    {
      "name": "hy",
      "type": "number"
    },
    {
      "name": "hz",
      "type": "number"
    },
    {
      "name": "hitresult",
      "type": "string"
    }
  ],
  "cancelable": "true"
}