{
  "args0": [
    {
      "type": "field_checkbox",
      "name": "do_args",
      "checked": true
    },
    {
      "type": "field_procedure_display",
      "name": "name",
      "text": "Procedure label"
    },
    {
      "type": "input_dummy"
    },
    {
      "type": "input_statement",
      "name": "args"
    }
  ],
  "inputsInline": false,
  "previousStatement": null,
  "nextStatement": null,
  "colour": 90,
  "mcreator": {
    "group": "z_labels_2",
    "toolbox_id": "logicloops",
    "fields": [
      "name",
      "do_args"
    ],
    "statements": [
      {
        "name": "args"
      }
    ]
  }
}