{
  "args0": [
    {
      "type": "input_value",
      "name": "entity",
      "check": "Entity"
    },
    {
      "type": "input_value",
      "name": "sourceentity",
      "check": "Entity"
    }
  ],
  "inputsInline": true,
  "output": "Boolean",
  "colour": "%{BKY_LOGIC_HUE}",
  "mcreator": {
    "group": "raytracing",
    "toolbox_id": "entitydata",
    "toolbox_init": [
      "<value name=\"entity\"><block type=\"entity_from_deps\"></block></value>",
      "<value name=\"sourceentity\"><block type=\"source_entity_from_deps\"></block></value>"
    ],
    "inputs": [
      "entity",
      "sourceentity"
    ]
  }
}