{
  "args0": [
    {
      "type": "input_value",
      "name": "entity",
      "check": "Entity"
    },
    {
      "type": "input_value",
      "name": "boolean",
      "check": "Boolean"
    }
  ],
  "inputsInline": true,
  "previousStatement": null,
  "nextStatement": null,
  "colour": 195,
  "mcreator": {
    "group": "specific",
    "toolbox_id": "entitymanagement",
    "toolbox_init": [
      "<value name=\"entity\"><block type=\"entity_from_deps\"></block></value>",
      "<value name=\"boolean\"><block type=\"logic_boolean\"><field name=\"BOOL\">TRUE</field></block></value>"
    ],
    "inputs": [
      "entity",
      "boolean"
    ]
  }
}
