{
  "args0": [
    {
      "type": "input_value",
      "name": "num1",
      "check": "Number"
    },
    {
      "type": "input_value",
      "name": "num2",
      "check": "Number"
    }
  ],
  "inputsInline": true,
  "output": "Boolean",
  "colour": "%{BKY_LOGIC_HUE}",
  "mcreator": {
    "toolbox_id": "math",
    "toolbox_init": [
      "<value name=\"num1\"><block type=\"math_number\"><field name=\"NUM\">3</field></block></value>",
      "<value name=\"num2\"><block type=\"math_number\"><field name=\"NUM\">5</field></block></value>"
    ],
    "inputs": [
      "num1",
      "num2"
    ]
  }
}