{
  "args0": [
    {
      "type": "input_value",
      "name": "entity",
      "check": "Entity"
    },
    {
      "type": "input_value",
      "name": "amount",
      "check": "Number"
    }
  ],
  "inputsInline": true,
  "previousStatement": null,
  "nextStatement": null,
  "colour": 175,
  "mcreator": {
    "group": "pincushion",
    "toolbox_id": "playermanagement",
    "toolbox_init": [
      "<value name=\"entity\"><block type=\"entity_from_deps\"></block></value>",
      "<value name=\"amount\"><block type=\"math_number\"><field name=\"NUM\">0</field></block></value>"
    ],
    "inputs": [
      "entity",
      "amount"
    ]
  }
}