{
  "args0": [
    {
      "type": "input_value",
      "name": "append",
      "check": "String"
    },
    {
      "type": "input_value",
      "name": "text",
      "check": "String"
    }
  ],
  "inputsInline": true,
  "previousStatement": null,
  "nextStatement": null,
  "colour": "%{BKY_TEXTS_HUE}",
  "mcreator": {
    "group": "string_array_tool",
    "toolbox_id": "text",
    "toolbox_init": [
      "<value name=\"append\"><block type=\"text\"><field name=\"TEXT\"></field></block></value>",
      "<value name=\"text\"><block type=\"text\"><field name=\"TEXT\"></field></block></value>"
    ],
    "inputs": [
      "append",
      "text"
    ]
  }
}