{
  "args0": [
    {
      "type": "input_value",
      "name": "text",
      "check": "String"
    },
    {
      "type": "input_value",
      "name": "regex",
      "check": "String"
    }
  ],
  "inputsInline": true,
  "output": "Boolean",
  "colour": "%{BKY_LOGIC_HUE}",
  "mcreator": {
    "group": "D1",
    "toolbox_id": "text",
    "toolbox_init": [
      "<value name=\"text\"><block type=\"text\"><field name=\"TEXT\">ABCDEFGHI</field></block></value>",
      "<value name=\"regex\"><block type=\"text\"><field name=\"TEXT\">[CEG]</field></block></value>"
    ],
    "inputs": [
      "text",
      "regex"
    ]
  }
}