{
  "args0": [
    {
      "type": "input_value",
      "name": "position",
      "check": "Number"
    },
    {
      "type": "input_value",
      "name": "text",
      "check": "String"
    }
  ],
  "inputsInline": true,
  "output": "Boolean",
  "colour": "%{BKY_LOGIC_HUE}",
  "mcreator": {
    "group": "string_array_tool",
    "toolbox_id": "text",
    "toolbox_init": [
      "<value name=\"position\"><block type=\"math_number\"><field name=\"NUM\">0</field></block></value>",
      "<value name=\"text\"><block type=\"text\"><field name=\"TEXT\">0101101</field></block></value>"
    ],
    "inputs": [
      "position",
      "text"
    ]
  }
}