{
  "args0": [
    {
      "type": "input_value",
      "name": "instance",
      "check": "String"
    },
    {
      "type": "input_value",
      "name": "text",
      "check": "String"
    }
  ],
  "inputsInline": true,
  "output": "Number",
  "colour": "%{BKY_MATH_HUE}",
  "mcreator": {
    "toolbox_id": "text",
    "toolbox_init": [
      "<value name=\"instance\"><block type=\"text\"><field name=\"TEXT\">C</field></block></value>",
      "<value name=\"text\"><block type=\"text\"><field name=\"TEXT\">ABCDEFGHI</field></block></value>"
    ],
    "inputs": [
      "instance",
      "text"
    ]
  }
}