{
  "args0": [
    {
      "type": "field_data_list_dropdown",
      "name": "gamemode",
      "datalist": "gamemodes"
    },
    {
      "type": "field_image",
      "src": "./res/server.png",
      "width": 8,
      "height": 24
    }
  ],
  "previousStatement": null,
  "nextStatement": null,
  "colour": 35,
  "mcreator": {
    "toolbox_id": "worldmanagement",
    "fields": [
      "gamemode"
    ],
    "dependencies": [
      {
        "name": "world",
        "type": "world"
      }
    ]
  }
}